ZH2363479,1.7157,2.717808219
ZH1350829,1.2714,5.224657534
ZH000713,0.2725,8.843835616
ZH000714,0.1631,8.843835616
ZH000715,0.0294,8.843835616
ZH000716,0.0248,8.843835616
ZH000717,0.1561,2.353424658
ZH000718,0.0592,6.328767123
ZH000719,0.0715,2.909589041
ZH000720,-0.0174,5.315068493
ZH000721,-0.0921,6.37260274
ZH000722,-0.0262,8.693150685
ZH000723,0.0699,8.843835616
ZH000724,0.0368,8.843835616
ZH000725,-0.0507,4.391780822
ZH000726,0.0337,1.156164384
ZH000727,,
ZH000728,-0.072,2.578082192
ZH000729,0.0861,2.273972603
ZH000730,0.0379,8.843835616
ZH000731,-0.0733,1.608219178
ZH000732,0.1827,8.843835616
ZH000733,0.1832,8.843835616
ZH000734,-0.0304,8.843835616
ZH000735,0.2642,1.178082192
ZH000736,0.0033,8.843835616
ZH000737,0.0495,2.775342466
ZH000738,0.2324,8.843835616
ZH000739,-0.0506,6.153424658
ZH000740,0.1202,2.079452055
ZH000741,0.0144,8.843835616
ZH000742,0.0601,8.843835616
ZH000743,0.0248,8.843835616
ZH000744,0.1308,8.843835616
ZH000745,,
ZH000746,0.0393,8.843835616
ZH000747,0.1058,8.843835616
ZH000748,0.0715,3.775342466
ZH000749,-0.0641,8.843835616
ZH000750,-0.1989,3.775342466
ZH000000,,
ZH000001,,
ZH000002,,
ZH000003,,
ZH000004,,
ZH000005,,
ZH000006,,
ZH000007,,
ZH000008,,
ZH000009,,
ZH000010,,
ZH000011,,
ZH000012,,
ZH000013,,
ZH000014,,
ZH000015,,
ZH000016,,
ZH000017,,
ZH000018,,
ZH000019,,
ZH000020,,
ZH000021,,
ZH000022,,
ZH000023,,
ZH000024,,
ZH000025,,
ZH000026,,
ZH000027,,
ZH000028,,
ZH000029,,
ZH000030,,
ZH000031,,
ZH000032,,
ZH000033,,
ZH000034,,
ZH000035,,
ZH000036,,
ZH000037,,
ZH000038,,
ZH000039,,
ZH000040,,
ZH000041,,
ZH000042,,
ZH000043,,
ZH000044,,
ZH000045,,
ZH000046,,
ZH000047,,
ZH000048,,
ZH000049,,
ZH000050,,
ZH000051,,
ZH000052,,
ZH000053,,
ZH000054,,
ZH000055,,
ZH000056,,
ZH000057,,
ZH000058,,
ZH000059,,
ZH000060,,
ZH000061,,
ZH000062,,
ZH000063,,
ZH000064,,
ZH000065,,
ZH000066,,
ZH000067,,
ZH000068,,
ZH000069,,
ZH000070,,
ZH000071,,
ZH000072,,
ZH000073,,
ZH000074,,
ZH000075,,
ZH000076,,
ZH000077,,
ZH000078,,
ZH000079,,
ZH000080,,
ZH000081,,
ZH000082,,
ZH000083,,
ZH000084,,
ZH000085,,
ZH000086,,
ZH000087,,
ZH000088,,
ZH000089,,
ZH000090,,
ZH000091,,
ZH000092,,
ZH000093,,
ZH000094,,
ZH000095,,
ZH000096,,
ZH000097,,
ZH000098,,
ZH000103,-0.0545,8.873972603
ZH000104,0.0828,8.873972603
ZH000106,-0.0286,8.873972603
ZH000107,-0.0822,8.873972603
ZH000109,0.1119,8.873972603
ZH000115,0.1286,8.873972603
ZH000117,0.3924,2.093150685
ZH000118,0.077,8.873972603
ZH000101,0.0275,8.873972603
ZH000102,-0.0166,2.093150685
ZH000099,,
ZH000100,,
ZH000105,,
ZH000108,,
ZH000110,,
ZH000111,,
ZH000112,,
ZH000113,,
ZH000114,,
ZH000116,,
ZH000119,,
ZH000120,0,6.419178082
ZH000121,0.1025,6.419178082
ZH000122,-0.0043,6.419178082
ZH000123,0.1042,8.871232877
ZH000124,0,6.419178082
ZH000125,,
ZH000126,,
ZH000127,,
ZH000128,,
ZH000129,,
ZH000130,,
ZH000131,,
ZH000132,,
ZH000133,-0.0422,8.871232877
ZH000134,-0.0325,8.871232877
ZH000135,0.251,8.871232877
ZH000136,0.0021,8.871232877
ZH000137,0.1373,5.293150685
ZH000138,,
ZH000139,0.452,1.619178082
ZH000140,-0.0449,8.871232877
ZH000141,0.2277,2.750684932
ZH000142,-0.3253,3.019178082
ZH000143,0.2089,8.871232877
ZH000144,0.3298,1.619178082
ZH000145,0.2111,8.871232877
ZH000146,-0.0162,5.342465753
ZH000147,0.0867,8.871232877
ZH000148,0.0554,4.416438356
ZH000149,0.0797,8.871232877
ZH000150,0.0733,8.871232877
ZH000151,0.0497,4.416438356
ZH000152,,
ZH000153,-0.0043,6.419178082
ZH000154,0.0535,2.090410959
ZH000155,0.141,8.871232877
ZH000156,0,8.871232877
ZH000157,,
ZH000158,0.1375,8.871232877
ZH000159,0.0802,8.871232877
ZH000160,0.024,8.871232877
ZH000161,0.0321,6.419178082
ZH000162,0.0979,8.871232877
ZH000163,,
ZH000164,0.2559,6.452054795
ZH000165,0.0006,2.090410959
ZH000166,-0.0125,8.871232877
ZH000167,-0.0796,2.090410959
ZH000168,-0.0606,5.273972603
ZH000169,,
ZH000170,,
ZH000171,,
ZH000172,0.2022,8.871232877
ZH000173,-0.0043,8.868493151
ZH000174,-0.0332,8.868493151
ZH000175,0.23,2.747945205
ZH000176,0.3128,2.747945205
ZH000177,,
ZH000178,-0.0546,2.747945205
ZH000179,0.0273,8.868493151
ZH000180,,
ZH000181,,
ZH000182,0.0558,8.868493151
ZH000183,0.0142,8.868493151
ZH000184,0.0344,8.868493151
ZH000185,0.5122,4.41369863
ZH000186,0.0555,8.868493151
ZH000187,0.0911,8.868493151
ZH000188,0.0997,2.684931507
ZH000189,0.0212,8.868493151
ZH000190,,
ZH000191,0.1095,8.868493151
ZH000192,-0.0244,8.868493151
ZH000193,0.1961,8.868493151
ZH000194,0.0542,8.868493151
ZH000195,0.0821,8.868493151
ZH000196,0.0451,8.868493151
ZH000197,0,2.684931507
ZH000198,0.1357,8.868493151
ZH000199,0.1947,8.868493151
ZH000200,-0.2454,2.235616438
ZH000201,0.0301,8.868493151
ZH000202,,
ZH000203,0.1593,8.868493151
ZH000204,0.1005,2.747945205
ZH000205,0.1085,2.747945205
ZH000206,0.0263,2.621917808
ZH000207,0.0043,8.868493151
ZH000208,-0.0123,8.868493151
ZH000209,-0.0585,5.695890411
ZH000210,0.064,1.320547945
ZH000211,0.0293,8.868493151
ZH000212,0.2678,8.868493151
ZH000213,0.1726,8.868493151
ZH000214,0.0423,8.868493151
ZH000215,0.0307,8.868493151
ZH000216,0.0185,8.868493151
ZH000217,-0.0258,8.868493151
ZH000218,0.0981,8.868493151
ZH000219,0.1999,8.868493151
ZH000220,0.033,8.868493151
ZH000221,-0.0321,8.868493151
ZH000222,0.1455,3.602739726
ZH000223,-0.0159,8.868493151
ZH000224,,
ZH000225,0,8.868493151
ZH000226,-0.0936,5.676712329
ZH000227,-0.001,8.868493151
ZH000228,0.0325,8.868493151
ZH000229,-0.0284,8.868493151
ZH000230,0.0662,3.602739726
ZH000231,0.2903,8.868493151
ZH000232,0.0238,8.868493151
ZH000233,0.0083,8.868493151
ZH000234,0,1.112328767
ZH000235,-0.032,8.868493151
ZH000236,0.0235,8.868493151
ZH000237,0.1245,8.868493151
ZH000238,-0.0374,8.868493151
ZH000239,0,8.868493151
ZH000240,-0.0315,3.016438356
ZH000241,0,8.868493151
ZH000242,0.0747,8.868493151
ZH000243,0.1291,1.81369863
ZH000244,,
ZH000245,-0.0201,2.747945205
ZH000246,0.0238,8.868493151
ZH000247,0,0.994520548
ZH000248,-0.0281,8.868493151
ZH000249,0.0712,8.868493151
ZH000250,0.0008,8.868493151
ZH000251,0.0335,3.602739726
ZH000252,0.0699,8.868493151
ZH000253,0.0222,8.868493151
ZH000254,0.0617,2.150684932
ZH000255,0.0117,8.868493151
ZH000256,-0.0235,8.868493151
ZH000257,,
ZH000258,0.1892,3.602739726
ZH000259,0,8.868493151
ZH000260,0.0172,8.868493151
ZH000261,0,8.868493151
ZH000262,0,8.868493151
ZH000263,-0.0261,6.254794521
ZH000264,0.2453,8.868493151
ZH000265,-0.0711,4.41369863
ZH000266,0.0171,8.868493151
ZH000267,0.1061,8.868493151
ZH000268,,
ZH000269,0.0015,3.602739726
ZH000270,-0.0189,8.868493151
ZH000271,0.3961,8.868493151
ZH000272,0.0936,8.868493151
ZH000273,0.0366,8.868493151
ZH000274,0.1111,8.868493151
ZH000275,0,8.868493151
ZH000276,-0.0233,8.868493151
ZH000277,-0.0256,8.868493151
ZH000278,-0.0532,8.868493151
ZH000279,0.0015,3.602739726
ZH000280,-0.2014,1.339726027
ZH000281,-0.001,8.868493151
ZH000282,0.134,8.868493151
ZH000283,0.1056,8.868493151
ZH000284,0.2274,8.868493151
ZH000285,-0.0025,8.868493151
ZH000286,0.1049,3.8
ZH000287,,
ZH000288,-0.1024,8.868493151
ZH000289,0.1219,8.868493151
ZH000290,0.1052,8.868493151
ZH000291,0.028,8.868493151
ZH000292,0.0712,8.868493151
ZH000293,0.0352,8.868493151
ZH000294,0.0769,8.868493151
ZH000295,0.0271,8.868493151
ZH000296,0.013,8.868493151
ZH000297,0.1785,8.868493151
ZH000298,0.394,8.868493151
ZH000299,0.1851,8.868493151
ZH000300,0.0752,3.8
ZH000301,0.116,6.350684932
ZH000302,0.0451,8.868493151
ZH000303,0.1654,8.868493151
ZH000304,0.0333,8.868493151
ZH000305,0.0052,1.531506849
ZH000306,0.0596,8.868493151
ZH000307,-0.0076,8.868493151
ZH000308,0.031,1.731506849
ZH000309,,
ZH000310,0.0113,8.868493151
ZH000311,0,8.868493151
ZH000312,0.1381,8.868493151
ZH000313,,
ZH000314,-0.0037,8.868493151
ZH000315,0,2.684931507
ZH000316,0.0565,8.868493151
ZH000317,0.2594,8.868493151
ZH000318,0.0055,8.868493151
ZH000319,-0.0392,8.868493151
ZH000320,-0.0208,8.868493151
ZH000321,0.1728,8.868493151
ZH000322,,
ZH000323,0.0026,3.602739726
ZH000324,0.0187,8.868493151
ZH000325,0.4267,1.531506849
ZH000326,0.0679,8.868493151
ZH000327,0.0036,8.868493151
ZH000328,0.0566,8.868493151
ZH000329,-0.0955,1.167123288
ZH000330,,
ZH000331,0.0301,8.868493151
ZH000332,0.1301,8.868493151
ZH000333,0.0622,8.868493151
ZH000334,-0.0243,5.098630137
ZH000335,0.0482,8.868493151
ZH000336,0.4205,1.531506849
ZH000337,-0.1206,2.493150685
ZH000338,0.0494,2.339726027
ZH000339,-0.3394,2.342465753
ZH000340,0.2883,2.378082192
ZH000341,-0.2935,2.342465753
ZH000342,,
ZH000343,-0.1293,6.315068493
ZH000344,0.3568,5.654794521
ZH000345,0.1982,2.745205479
ZH000346,0.0073,2.745205479
ZH000347,-0.0136,8.865753425
ZH000348,,
ZH000349,0.1934,5.287671233
ZH000350,0.2138,5.287671233
ZH000351,,
ZH000352,0.0297,8.865753425
ZH000353,0.0106,8.865753425
ZH000354,0.1643,8.865753425
ZH000355,-0.0168,8.865753425
ZH000356,0.026,8.865753425
ZH000357,0.0453,8.865753425
ZH000358,0.0523,8.865753425
ZH000359,0.0296,8.865753425
ZH000360,0.0135,8.865753425
ZH000361,0.0261,8.865753425
ZH000362,,
ZH000363,,
ZH000364,0.0643,8.865753425
ZH000365,-0.0615,8.865753425
ZH000366,-0.0038,8.865753425
ZH000367,0.0082,8.865753425
ZH000368,-0.0288,8.865753425
ZH000369,0.0591,8.865753425
ZH000370,-0.0126,8.865753425
ZH000371,-0.0226,8.865753425
ZH000372,0.0218,8.863013699
ZH000373,-0.0004,6.249315068
ZH000374,0.1265,5.4
ZH000375,0.2648,8.863013699
ZH000376,0,8.863013699
ZH000377,0.0386,8.863013699
ZH000378,0.0404,8.863013699
ZH000379,0.0573,8.863013699
ZH000380,0.0573,8.863013699
ZH000381,0,8.863013699
ZH000382,0,8.863013699
ZH000383,0.0435,8.863013699
ZH000384,0,8.863013699
ZH000385,0,8.863013699
ZH000386,,
ZH000387,,
ZH000388,,
ZH000389,0.034,4.408219178
ZH000390,0.1378,1.701369863
ZH000391,0.1133,8.863013699
ZH000392,0.3154,1.526027397
ZH000393,,
ZH000394,,
ZH000395,0.0204,1.526027397
ZH000396,,
ZH000397,0.0652,8.863013699
ZH000398,0.624,8.863013699
ZH000399,0.2554,8.863013699
ZH000400,0.6231,8.863013699
ZH000401,0,8.863013699
ZH000402,0,8.863013699
ZH000403,0.0288,8.863013699
ZH000404,0.0695,2.742465753
ZH000405,0.0695,2.742465753
ZH000406,0.0418,2.742465753
ZH000407,0.0614,8.863013699
ZH000408,0.1681,8.863013699
ZH000409,0.0514,8.863013699
ZH000410,-0.0332,3.838356164
ZH000411,0.0463,8.863013699
ZH000412,0.0808,8.863013699
ZH000413,-0.0418,8.863013699
ZH000414,,
ZH000415,0.0528,4.405479452
ZH000416,0.021,8.860273973
ZH000417,-0.0732,8.860273973
ZH000418,0,8.860273973
ZH000419,0.0399,8.860273973
ZH000420,0,2.142465753
ZH000421,,
ZH000422,0.0325,8.860273973
ZH000423,0.1084,4.405479452
ZH000424,0.0628,8.860273973
ZH000425,0.0928,8.860273973
ZH000426,,
ZH000427,,
ZH000428,0.0282,6.408219178
ZH000429,-0.0029,8.860273973
ZH000430,0.0637,8.860273973
ZH000431,0.0293,8.860273973
ZH000432,,
ZH000433,0.026,8.854794521
ZH000434,0.0773,8.854794521
ZH000435,-0.0333,8.854794521
ZH000436,,
ZH000437,,
ZH000438,0.0563,8.854794521
ZH000439,0.0441,8.854794521
ZH000440,-0.0276,8.854794521
ZH000441,0.0338,8.854794521
ZH000442,-0.0073,8.854794521
ZH000443,0.0918,8.854794521
ZH000444,-0.0327,8.854794521
ZH000445,0,8.854794521
ZH000446,-0.03,8.854794521
ZH000447,-0.1217,8.854794521
ZH000448,,
ZH000449,-0.0098,8.854794521
ZH000450,0.0377,8.854794521
ZH000451,0.0393,8.854794521
ZH000452,0.08,8.854794521
ZH000453,0.2103,2.734246575
ZH000454,0.0898,8.854794521
ZH000455,-0.044,8.854794521
ZH000456,0.0185,3.78630137
ZH000457,0.0336,2.734246575
ZH000458,0.0141,8.854794521
ZH000459,0.0938,4.4
ZH000460,0.2215,4.4
ZH000461,,
ZH000462,0.0504,8.852054795
ZH000463,0.0937,8.852054795
ZH000464,0.0626,8.852054795
ZH000465,0.1027,8.852054795
ZH000466,0.0946,8.852054795
ZH000467,0.1599,8.852054795
ZH000468,0.0226,8.852054795
ZH000469,0.0239,8.852054795
ZH000470,0.1542,8.852054795
ZH000471,-0.0107,8.852054795
ZH000472,,
ZH000473,0.0662,8.852054795
ZH000474,0.246,8.852054795
ZH000475,0.0153,8.852054795
ZH000476,,
ZH000477,-0.0064,8.852054795
ZH000478,-0.0374,8.852054795
ZH000479,0.5478,8.852054795
ZH000480,0.7167,8.852054795
ZH000481,0.3572,8.852054795
ZH000482,0.5547,8.852054795
ZH000483,-0.0025,2.668493151
ZH000484,-0.0148,8.852054795
ZH000485,0,2.668493151
ZH000486,-0.0165,2.668493151
ZH000487,-0.0248,8.852054795
ZH000488,-0.0108,8.852054795
ZH000489,0.3422,8.852054795
ZH000490,-0.0115,8.852054794520548
ZH000491,0.043,8.852054794520548
ZH000492,0.032400000000000005,8.852054794520548
ZH000493,-0.3086,2.3698630136986303
ZH000494,-0.0077,1.378082191780822
ZH000495,0.0943,8.852054794520548
ZH000496,,
ZH000497,0.0203,8.852054794520548
ZH000498,,
ZH000499,0.0154,8.852054794520548
ZH000500,-0.1137,8.852054794520548
ZH000501,0.0761,4.397260273972603
ZH000502,0.0225,4.397260273972603
ZH000503,0.0378,8.849315068493151
ZH000504,0.08070000000000001,8.849315068493151
ZH000505,-0.2532,1.3753424657534246
ZH000506,0.06,8.849315068493151
ZH000507,0.08070000000000001,8.849315068493151
ZH000508,0.049400000000000006,8.849315068493151
ZH000509,-0.1411,1.3205479452054794
ZH000510,0.0661,8.849315068493151
ZH000511,0.1361,8.849315068493151
ZH000512,-0.07339999999999999,8.849315068493151
ZH000513,-0.013600000000000001,8.849315068493151
ZH000514,0.1856,8.849315068493151
ZH000515,0.0,8.849315068493151
ZH000516,0.1354,8.849315068493151
ZH000517,0.19,8.849315068493151
ZH000518,0.6644,8.849315068493151
ZH000519,0.0,8.849315068493151
ZH000520,0.0,8.849315068493151
ZH000521,0.1775,8.849315068493151
ZH000522,-0.05,8.849315068493151
ZH000523,0.0951,8.849315068493151
ZH000524,0.036699999999999997,8.849315068493151
ZH000525,-0.04650000000000001,8.849315068493151
ZH000526,0.0,8.849315068493151
ZH000527,0.018000000000000002,8.849315068493151
ZH000528,-0.0131,8.849315068493151
ZH000529,0.5105,8.849315068493151
ZH000530,-0.0053,8.849315068493151
ZH000531,0.0929,8.849315068493151
ZH000532,0.038900000000000004,8.849315068493151
ZH000533,-0.0426,8.849315068493151
ZH000534,-0.0060999999999999995,8.849315068493151
ZH000535,-0.013000000000000001,8.849315068493151
ZH000536,0.3574,8.849315068493151
ZH000537,0.08800000000000001,2.665753424657534
ZH000538,-0.0103,2.665753424657534
ZH000539,0.0,8.849315068493151
ZH000540,,
ZH000541,,
ZH000542,0.0564,8.849315068493151
ZH000543,-0.11109999999999999,8.849315068493151
ZH000544,0.06480000000000001,8.849315068493151
ZH000545,0.17329999999999998,8.849315068493151
ZH000546,0.028999999999999998,8.849315068493151
ZH000547,0.1247,8.849315068493151
ZH000548,0.0572,8.849315068493151
ZH000549,-0.0008,8.849315068493151
ZH000550,0.0,8.849315068493151
ZH000551,-0.0323,8.849315068493151
ZH000552,-0.0022,8.849315068493151
ZH000553,0.029500000000000002,8.849315068493151
ZH000561,0.0796,8.849315068493151
ZH000562,-0.0075,8.849315068493151
ZH000563,0.020099999999999996,8.849315068493151
ZH000564,0.2279,8.849315068493151
ZH000565,0.2445,8.849315068493151
ZH000566,0.008199999999999999,8.849315068493151
ZH000567,0.0,8.849315068493151
ZH000568,,
ZH000569,0.18989999999999999,8.846575342465753
ZH000570,-0.0642,2.0657534246575344
ZH000571,0.08199999999999999,2.7260273972602738
ZH000572,0.19390000000000002,8.846575342465753
ZH000573,0.1848,2.7260273972602738
ZH000574,0.0414,8.846575342465753
ZH000575,0.0,8.846575342465753
ZH000576,-0.11289999999999999,1.3726027397260274
ZH000577,-0.0701,8.846575342465753
ZH000578,0.20879999999999999,3.778082191780822
ZH000579,-0.0217,8.846575342465753
ZH000580,0.1528,8.846575342465753
ZH000581,0.1452,5.383561643835616
ZH000554,,
ZH000555,,
ZH000556,,
ZH000557,,
ZH000558,,
ZH000559,,
ZH000560,,ZH000582,-0.1016,1.5095890410958903
ZH000583,0.17600000000000002,8.846575342465753
ZH000584,0.0011,1.5095890410958903
ZH000585,0.0558,8.846575342465753
ZH000586,0.10490000000000001,8.846575342465753
ZH000587,0.1597,8.846575342465753
ZH000588,0.012,8.846575342465753
ZH000589,0.1217,8.846575342465753
ZH000590,-0.0815,8.846575342465753
ZH000591,0.0,8.846575342465753
ZH000592,-0.002,8.846575342465753
ZH000593,0.0809,8.846575342465753
ZH000594,0.0241,8.846575342465753
ZH000595,-0.0015,8.846575342465753
ZH000596,0.3048,8.846575342465753
ZH000597,0.017,8.846575342465753
ZH000598,-0.0495,8.846575342465753
ZH000599,0.0863,8.846575342465753
ZH000600,,
ZH000601,0.001,8.846575342465753
ZH000602,0.0516,8.846575342465753
ZH000603,0.005600000000000001,8.846575342465753
ZH000604,0.0025,4.391780821917808
ZH000605,0.0,8.846575342465753
ZH000606,0.0,8.846575342465753
ZH000607,0.0834,8.846575342465753
ZH000608,0.0,8.846575342465753
ZH000609,0.0,0.9726027397260274
ZH000610,0.0051,8.846575342465753
ZH000611,0.0262,8.846575342465753
ZH000612,0.0,8.846575342465753
ZH000582,-0.1016,1.5095890410958903
ZH000613,0.0033,8.846575342465753
ZH000614,0.0768,8.846575342465753
ZH000615,-0.009000000000000001,8.846575342465753
ZH000616,-0.0189,8.846575342465753
ZH000617,0.0564,8.846575342465753
ZH000618,0.042800000000000005,8.846575342465753
ZH000619,-0.13849999999999998,2.128767123287671
ZH000620,0.0075,8.846575342465753
ZH000621,-0.0074,8.846575342465753
ZH000622,0.163,8.846575342465753
ZH000623,-0.0421,8.846575342465753
ZH000624,0.1609,8.846575342465753
ZH000625,0.0855,8.846575342465753
ZH000626,0.4207,1.5945205479452054
ZH000627,0.0431,8.846575342465753
ZH000628,0.0818,8.846575342465753
ZH000629,0.0031,8.846575342465753
ZH000630,0.1447,2.0657534246575344
ZH000631,0.0393,8.846575342465753
ZH000632,0.0538,8.846575342465753
ZH000633,0.0784,8.846575342465753
ZH000634,-0.0233,8.846575342465753
ZH000635,0.6291,8.846575342465753
ZH000636,-0.0070999999999999995,8.846575342465753
ZH000637,0.09300000000000001,8.846575342465753
ZH000638,0.1284,8.846575342465753
ZH000639,0.0096,2.9945205479452053
ZH000640,0.04190000000000001,8.846575342465753
ZH000641,0.035699999999999996,8.846575342465753
ZH000642,0.0664,8.846575342465753
ZH000643,0.0062,8.846575342465753
ZH000644,0.0051,6.394520547945206
ZH000645,0.026099999999999998,8.846575342465753
ZH000646,-0.09050000000000001,8.846575342465753
ZH000647,0.0111,8.846575342465753
ZH000648,0.0,1.2684931506849315
ZH000649,0.0922,8.846575342465753
ZH000650,-0.048,8.846575342465753
ZH000651,0.111,4.391780821917808
ZH000652,-0.10490000000000001,8.846575342465753
ZH000653,0.0,2.852054794520548
ZH000654,-0.0028000000000000004,4.079452054794521
ZH000655,0.7664,1.5698630136986302
ZH000656,-0.0265,8.846575342465753
ZH000657,-0.09849999999999999,8.846575342465753
ZH000658,0.0048,3.852054794520548
ZH000659,0.0731,8.846575342465753
ZH000660,0.0639,8.846575342465753
ZH000661,0.1099,8.846575342465753
ZH000662,-0.0711,8.846575342465753
ZH000663,-0.08349999999999999,8.846575342465753
ZH000664,0.0965,5.197260273972603
ZH000665,0.0675,5.197260273972603
ZH000666,-0.18280000000000002,5.197260273972603
ZH000667,0.20600000000000002,8.843835616438357
ZH000668,0.0173,8.175342465753424
ZH000669,0.0379,8.843835616438357
ZH000670,0.077,8.843835616438357
ZH000671,-0.022400000000000003,8.843835616438357
ZH000672,0.16219999999999998,8.843835616438357
ZH000673,0.07769999999999999,8.843835616438357
ZH000674,0.0233,8.843835616438357
ZH000675,-0.1866,1.610958904109589
ZH000676,0.2376,4.810958904109589
ZH000677,0.4191,8.843835616438357
ZH000678,-0.0415,8.843835616438357
ZH000679,-0.10880000000000001,8.843835616438357
ZH000680,0.0493,8.843835616438357
ZH000681,0.14980000000000002,1.4684931506849315
ZH000682,0.013000000000000001,8.843835616438357
ZH000683,0.0977,8.843835616438357
ZH000684,0.023799999999999998,8.843835616438357
ZH000685,0.051500000000000004,1.7452054794520548
ZH000686,0.6715000000000001,1.0520547945205478
ZH000687,0.051500000000000004,8.843835616438357
ZH000688,0.19260000000000002,4.810958904109589
ZH000689,0.0001,8.843835616438357
ZH000690,-0.29460000000000003,2.589041095890411
ZH000691,0.2254,2.3315068493150686
ZH000692,0.094,8.843835616438357
ZH000693,0.07730000000000001,1.7232876712328766
ZH000694,0.2027,8.843835616438357
ZH000695,0.023700000000000002,8.843835616438357
ZH000696,0.0229,8.843835616438357
ZH000697,0.2032,8.843835616438357
ZH000698,0.019,6.328767123287672
ZH000699,0.0513,8.843835616438357
ZH000700,0.18420000000000003,8.843835616438357
ZH000701,0.1419,8.843835616438357
ZH000702,-0.2421,2.786301369863014
ZH000703,0.12869999999999998,3.0684931506849313
ZH000704,0.04650000000000001,8.843835616438357
ZH000705,-0.5047,1.4684931506849315
ZH000706,0.0718,8.843835616438357
ZH000707,0.0175,8.843835616438357
ZH000708,0.004699999999999999,2.9095890410958902
ZH000709,0.0699,6.372602739726028
ZH000710,-0.0974,8.843835616438357
ZH000711,0.0085,2.9095890410958902
ZH000712,1.3973,1.6136986301369862
ZH000751,0.1005,8.843835616438357
ZH000752,-0.0104,8.843835616438357
ZH000753,-0.0033,8.843835616438357
ZH000754,0.21559999999999999,3.7753424657534245
ZH000755,0.0672,1.1123287671232878
ZH000756,-0.0623,3.7753424657534245
ZH000757,-0.0373,8.843835616438357
ZH000758,0.1478,1.819178082191781
ZH000759,0.09369999999999999,1.484931506849315
ZH000760,0.0155,8.843835616438357
ZH000761,0.016,8.843835616438357
ZH000762,0.2484,1.8164383561643835
ZH000763,0.015,8.843835616438357
ZH000764,0.0155,8.843835616438357
ZH000765,0.0392,8.843835616438357
ZH000766,0.10400000000000001,3.410958904109589
ZH000767,0.23629999999999998,2.1041095890410957
ZH000768,0.1631,6.238356164383561
ZH000769,0.042199999999999994,8.843835616438357
ZH000770,0.3591,4.16986301369863
ZH000771,-0.2021,3.3972602739726026
ZH000772,0.1417,8.843835616438357
ZH000773,-0.0471,3.1780821917808217
ZH000774,0.49340000000000006,3.5287671232876714
ZH000775,0.18760000000000002,8.843835616438357
ZH000776,0.0111,8.843835616438357
ZH000777,0.26649999999999996,8.843835616438357
ZH000778,-0.0576,2.106849315068493
ZH000779,0.0008,5.5917808219178085
ZH000780,0.078,3.3972602739726026
ZH000781,0.0078000000000000005,8.843835616438357
ZH000782,0.1174,8.843835616438357
ZH000783,-0.6121,1.1643835616438356
ZH000784,-0.30829999999999996,1.1643835616438356
ZH000785,0.044800000000000006,8.843835616438357
ZH000786,-0.2491,1.3643835616438356
ZH000787,0.1404,8.843835616438357
ZH000788,0.0834,8.843835616438357
ZH000789,0.0977,1.5068493150684932
ZH000790,0.09,1.8273972602739725
ZH000791,-0.0011,2.9917808219178084
ZH000792,0.3104,1.3835616438356164
ZH000793,0.07339999999999999,8.843835616438357
ZH000794,-0.0168,8.843835616438357
ZH000795,0.1329,8.843835616438357
ZH000796,0.1937,6.4
ZH000797,-0.14429999999999998,8.693150684931506
ZH000798,-0.0349,4.208219178082191
ZH000799,-0.0227,4.095890410958904
ZH000800,0.1293,8.073972602739726
ZH000801,-0.012199999999999999,8.843835616438357
ZH000802,0.1663,6.4
ZH000803,0.0967,2.180821917808219
ZH000804,0.136,8.843835616438357
ZH000805,0.9876999999999999,1.16986301369863
ZH000806,0.1328,8.843835616438357
ZH000807,-0.0636,8.843835616438357
ZH000808,0.1283,8.843835616438357
ZH000809,0.2636,8.843835616438357
ZH000810,-0.023,8.843835616438357
ZH000811,0.1779,4.917808219178082
ZH000812,0.1278,8.843835616438357
ZH000813,-0.13699999999999998,1.641095890410959
ZH000814,0.4955,1.1506849315068493
ZH000815,0.1191,8.843835616438357
ZH000816,-0.0398,8.843835616438357
ZH000817,,
ZH000818,0.1243,8.843835616438357
ZH000819,0.1149,5.421917808219178
ZH000820,1.0291,1.1506849315068493
ZH000821,0.0078000000000000005,7.315068493150685
ZH000822,0.0285,8.843835616438357
ZH000823,0.0381,8.843835616438357
ZH000824,-0.0083,2.8328767123287673
ZH000825,0.21059999999999998,8.843835616438357
ZH000826,1.6765999999999999,1.6136986301369862
ZH000827,-0.0319,8.843835616438357
ZH000828,0.058600000000000006,3.3013698630136985
ZH000829,0.0,1.4575342465753425
ZH000830,-0.0706,7.254794520547946
ZH000831,0.0483,8.843835616438357
ZH000832,0.062400000000000004,8.841095890410958
ZH000833,-0.023399999999999997,8.841095890410958
ZH000834,-0.0083,6.263013698630137
ZH000835,0.0689,1.2054794520547945
ZH000836,-0.0268,8.841095890410958
ZH000838,0.0447,8.841095890410958
ZH000839,0.20489999999999997,8.841095890410958
ZH000840,-0.0771,8.841095890410958
ZH000841,0.1189,8.841095890410958
ZH000842,0.2195,1.8356164383561644
ZH000843,0.2279,1.0712328767123287
ZH000844,0.1941,4.47945205479452
ZH000845,-0.06309999999999999,1.536986301369863
ZH000846,0.08779999999999999,8.841095890410958
ZH000837,0.3421,8.841095890410958
ZH000847,-0.018500000000000003,8.841095890410958
ZH000848,-0.0436,8.841095890410958
ZH000849,-0.020499999999999997,8.841095890410958
ZH000850,-0.0705,8.841095890410958
ZH000851,0.04650000000000001,8.841095890410958
ZH000852,0.1801,3.6027397260273974
ZH000853,-0.1469,5.682191780821918
ZH000854,0.078,8.841095890410958
ZH000855,0.0436,8.841095890410958
ZH000856,0.0516,8.841095890410958
ZH000857,0.0955,1.1534246575342466
ZH000858,0.1653,8.841095890410958
ZH000859,5.7860000000000005,1.5780821917808219
ZH000860,0.2697,3.6027397260273974
ZH000861,0.0015,1.6164383561643836
ZH000862,-0.0754,1.115068493150685
ZH000863,0.0722,8.841095890410958
ZH000864,-0.0294,8.841095890410958
ZH000865,-0.1005,1.6958904109589041
ZH000866,0.0745,8.841095890410958
ZH000867,-0.31010000000000004,1.2027397260273973
ZH000868,0.1517,1.0356164383561643
ZH000869,0.21850000000000003,1.0356164383561643
ZH000870,0.08990000000000001,8.841095890410958
ZH000871,0.0191,8.841095890410958
ZH000872,-0.0159,6.4520547945205475
ZH000873,0.1809,8.841095890410958
ZH000874,-0.0021,1.115068493150685
ZH000875,-0.013999999999999999,8.841095890410958
ZH000876,0.2564,3.3945205479452056
ZH000877,0.1318,8.841095890410958
ZH000878,0.23370000000000002,8.841095890410958
ZH000879,0.0004,8.841095890410958
ZH000880,-0.0394,8.841095890410958
ZH000881,0.1617,8.841095890410958
ZH000882,0.08539999999999999,8.841095890410958
ZH000883,0.25739999999999996,1.610958904109589
ZH000884,0.0352,8.841095890410958
ZH000885,0.042699999999999995,8.841095890410958
ZH000886,0.1898,8.841095890410958
ZH000887,0.1067,8.841095890410958
ZH000888,-0.1506,8.841095890410958
ZH000889,0.114,8.838356164383562
ZH000890,0.0393,8.838356164383562
ZH000891,0.2643,4.802739726027397
ZH000892,0.1959,8.838356164383562
ZH000893,,
ZH000894,2.3015,1.2027397260273973
ZH000895,0.11810000000000001,1.2027397260273973
ZH000896,0.1493,3.76986301369863
ZH000897,0.2132,8.838356164383562
ZH000898,0.263,5.227397260273973
ZH000899,-0.2914,1.726027397260274
ZH000900,-0.0891,1.0876712328767124
ZH000901,0.5633,1.736986301369863
ZH000902,0.3789,1.736986301369863
ZH000903,-0.008199999999999999,8.838356164383562
ZH000904,0.39630000000000004,1.7232876712328766
ZH000905,0.081,8.838356164383562
ZH000906,0.368,1.1452054794520548
ZH000907,-0.0302,3.408219178082192
ZH000908,0.0863,6.304109589041096
ZH000909,0.0681,8.835616438356164
ZH000910,-0.3018,1.5561643835616439
ZH000911,0.0397,6.4520547945205475
ZH000912,0.0819,8.835616438356164
ZH000913,0.0044,5.164383561643835
ZH000914,0.10779999999999999,8.835616438356164
ZH000915,-0.0088,8.835616438356164
ZH000916,-0.006,5.164383561643835
ZH000917,0.018799999999999997,8.835616438356164
ZH000918,0.139,2.695890410958904
ZH000919,0.11130000000000001,8.835616438356164
ZH000920,0.008199999999999999,8.835616438356164
ZH000921,0.08220000000000001,1.4986301369863013
ZH000922,0.0405,8.835616438356164
ZH000923,0.060599999999999994,8.835616438356164
ZH000924,0.0678,8.835616438356164
ZH000925,-0.0446,6.249315068493151
ZH000926,0.1308,8.835616438356164
ZH000927,0.165,8.835616438356164
ZH000928,-0.0042,8.835616438356164
ZH000929,0.16949999999999998,6.4520547945205475
ZH000930,-0.21109999999999998,1.5863013698630137
ZH000931,0.0405,7.961643835616439
ZH000932,0.1493,8.835616438356164
ZH000933,0.06480000000000001,8.835616438356164
ZH000934,0.0292,8.835616438356164
ZH000935,0.0048,8.835616438356164
ZH000936,0.2359,8.835616438356164
ZH000937,0.21739999999999998,8.835616438356164
ZH000938,0.1108,8.835616438356164
ZH000939,0.0622,8.835616438356164
ZH000940,-0.21109999999999998,1.0767123287671232
ZH000941,0.1144,8.835616438356164
ZH000942,0.1118,1.0767123287671232
ZH000943,0.1707,2.4027397260273973
ZH000944,-0.0089,8.835616438356164
ZH000945,0.3666,1.2
ZH000946,-0.439,1.2301369863013698
ZH000947,0.2419,5.767123287671233
ZH000948,0.0134,8.835616438356164
ZH000949,0.22440000000000002,4.473972602739726
ZH000950,0.050499999999999996,4.380821917808219
ZH000951,-0.0254,8.835616438356164
ZH000952,0.2612,1.5178082191780822
ZH000953,0.3666,1.4438356164383561
ZH000954,0.0815,8.835616438356164
ZH000955,0.1005,8.835616438356164
ZH000956,-0.39399999999999996,1.5863013698630137
ZH000957,-0.2967,1.5561643835616439
ZH000958,0.40090000000000003,1.4438356164383561
ZH000959,0.1069,8.835616438356164
ZH000960,0.7624,1.0657534246575342
ZH000961,0.24710000000000001,2.882191780821918
ZH000962,0.24420000000000003,1.8493150684931507
ZH000963,0.5418999999999999,1.6383561643835616
ZH000964,0.0683,3.9424657534246577
ZH000965,0.0364,8.835616438356164
ZH000966,0.09449999999999999,5.671232876712328
ZH000967,-0.0125,2.287671232876712
ZH000968,0.0823,8.835616438356164
ZH000969,0.060599999999999994,8.835616438356164
ZH000970,0.021099999999999997,8.835616438356164
ZH000971,0.1191,8.835616438356164
ZH000972,0.0696,8.835616438356164
ZH000973,-0.048499999999999995,8.835616438356164
ZH000974,-0.0672,8.835616438356164
ZH000975,0.1208,2.4356164383561643
ZH000976,-0.15,8.835616438356164
ZH000977,0.0556,8.835616438356164
ZH000978,0.3907,2.265753424657534
ZH000979,0.013999999999999999,8.835616438356164
ZH000980,0.028999999999999998,2.652054794520548
ZH000981,0.09179999999999999,1.4602739726027398
ZH000982,0.034300000000000004,2.652054794520548
ZH000983,-0.0207,8.835616438356164
ZH000984,,
ZH000985,-0.0109,8.835616438356164
ZH000986,0.0818,8.835616438356164
ZH000987,0.0085,8.835616438356164
ZH000988,0.042199999999999994,8.835616438356164
ZH000989,0.2555,5.676712328767123
ZH000990,0.1516,8.835616438356164
ZH000991,0.27949999999999997,2.095890410958904
ZH000992,0.1186,8.835616438356164
ZH000993,0.0406,1.8493150684931507
ZH000994,-0.0839,8.835616438356164
ZH000995,0.0461,8.835616438356164
ZH000996,-0.11320000000000001,8.835616438356164
ZH000997,0.0509,8.835616438356164
ZH000998,0.0392,8.835616438356164
ZH000999,0.045,8.835616438356164
ZH001000,-0.1226,6.336986301369863
ZH001001,0.0222,8.835616438356164
ZH001002,0.1531,8.835616438356164
ZH001003,-0.14429999999999998,3.9424657534246577
ZH001004,0.0052,1.0602739726027397
ZH001005,0.1012,8.835616438356164
ZH001006,0.0,6.416438356164384
ZH001007,0.0967,2.6986301369863015
ZH001008,0.0,6.416438356164384
ZH001009,0.0,8.835616438356164
ZH001010,0.0336,8.835616438356164
ZH001011,-0.1481,1.1205479452054794
ZH001012,0.0,8.835616438356164
ZH001013,0.0199,8.835616438356164
ZH001014,0.1234,8.835616438356164
ZH001015,0.1822,3.326027397260274
ZH001016,,
ZH001017,-0.0032,8.835616438356164
ZH001018,0.125,8.835616438356164
ZH001019,-0.2503,1.2136986301369863
ZH001020,0.17149999999999999,8.835616438356164
ZH001021,-0.30010000000000003,2.041095890410959
ZH001022,-0.2007,2.041095890410959
ZH001023,0.002,8.835616438356164
ZH001024,0.0,8.835616438356164
ZH001025,0.042800000000000005,4.279452054794521
ZH001026,0.2394,8.835616438356164
ZH001027,0.31670000000000004,1.4219178082191781
ZH001028,0.01,8.835616438356164
ZH001029,0.053,8.835616438356164
ZH001030,-0.0172,8.835616438356164
ZH001031,0.17149999999999999,3.1123287671232878
ZH001032,0.1208,8.835616438356164
ZH001033,0.0602,8.835616438356164
ZH001034,-0.1153,1.4109589041095891
ZH001035,0.0524,5.4520547945205475
ZH001036,0.1308,8.273972602739725
ZH001037,-0.0641,5.323287671232877
ZH001038,0.2975,1.715068493150685
ZH001039,-0.0115,5.276712328767124
ZH001040,0.1938,8.835616438356164
ZH001041,-0.08539999999999999,1.0767123287671232
ZH001042,0.0711,6.315068493150685
ZH001043,0.0,8.835616438356164
ZH001044,0.15410000000000001,8.835616438356164
ZH001045,0.13949999999999999,8.835616438356164
ZH001046,0.4039,1.4219178082191781
ZH001047,0.2495,1.1095890410958904
ZH001048,0.0345,2.0
ZH001049,0.1797,8.835616438356164
ZH001050,-0.028999999999999998,8.835616438356164
ZH001051,0.1923,8.835616438356164
ZH001052,0.3055,1.6986301369863013
ZH001053,0.0,8.835616438356164
ZH001054,0.023799999999999998,8.835616438356164
ZH001055,0.0,8.835616438356164
ZH001056,0.013500000000000002,8.835616438356164
ZH001057,0.2025,8.835616438356164
